t,x_med,y_med,z_med,dx_med,dy_med,dz_med,ddx_med,ddy_med,ddz_med,dddx_med,dddy_med,dddz_med,x_ref,y_ref,z_ref,dx_ref,dy_ref,dz_ref,ddx_ref,ddy_ref,ddz_ref,dddx_ref,dddy_ref,dddz_ref,roll_med,pitch_med,yaw_med,roll_ref,pitch_ref,yaw_ref,roll_e,pitch_e,yaw_e,q1_med,q2_med,q3_med,q4_med,q5_med,q6_med,dq1_med,dq2_med,dq3_med,dq4_med,dq5_med,dq6_med,ddq1_med,ddq2_med,ddq3_med,ddq4_med,ddq5_med,ddq6_med,q1_ref,q2_ref,q3_ref,q4_ref,q5_ref,q6_ref,dq1_ref,dq2_ref,dq3_ref,dq4_ref,dq5_ref,dq6_ref,ddq1_ref,ddq2_ref,ddq3_ref,ddq4_ref,ddq5_ref,ddq6_ref,L1,L2,L3,L4,L5,L6,K1,K2,K3,K4,K5,K6,u1,u2,u3,u4,u5,u6,J
0.0,0.14999565311084326,-0.5535640070264846,0.2039111437324441,-6.937783884949922e-06,-1.4052552655036627e-07,2.874649443108857e-06,-0.00020813391696083348,-4.213712382678913e-06,8.623870406497728e-05,0.0,0.0,0.0,0.14999578666666663,-0.5535639822222223,0.2039110177777779,-6.399999999976794e-06,5.333333333486697e-07,5.333333332746548e-07,-0.00019199999999930384,1.600000000046009e-05,1.5999999998239645e-05,0.0,0.0,0.0,1.7051489953134982,-0.1455831238160515,-2.051555992113016,1.7051580455065511,-0.14559767193267048,-2.0515610047059543,-6.600441081620706e-07,-5.592838678131902e-06,-1.3718777807520478e-05,2.071640843550947,-1.8958404203213763,-1.9171065977516026,-0.5738845574065222,1.2611309159431152,1.758880848214946,-1.0799277951152907e-05,5.337140268333803e-06,-8.54215173567868e-06,3.0174714166448926e-05,-1.6776179710685708e-06,-0.0003080233560873064,-0.00032397833853458724,0.00016011420805001408,-0.00025626455207036037,0.0009052414249934678,-5.032853913205712e-05,-0.009240700682619191,2.0716413835148444,-1.8958406871783897,-1.917106170644016,-0.5738860661422306,1.2611309998240137,1.7588962493827505,0.0,0.0,0.0,0.0,0.0,0.0,0.0,0.0,0.0,0.0,0.0,0.0,5.0,5.0,5.0,5.0,5.0,5.0,1.0,1.0,1.0,1.0,1.0,1.0,-0.0004534300305251149,26.500935609260566,12.612866820488511,1.2742560949413104,-0.03462385879455382,-1.1496544370936945e-06,3.637862847578552e-07
0.03333333333333333,0.14999518940722814,-0.553564277974945,0.20391157486672534,-1.1586676565856091e-05,-5.465794691283275e-06,9.580906149661384e-06,-0.0001394716048260261,-0.0001597522944339685,0.00020118536304140853,0.0,0.0,0.0,0.14999542068148145,-0.5535640939456791,0.20391117272098777,-1.0979555555519956e-05,-3.351703703676397e-06,4.648296296183574e-06,-0.00013738666666629484,-0.000116551111110752,0.00012344888888726757,0.0,0.0,0.0,1.7051349470805708,-0.1455634497900058,-2.051549442032766,1.7051574560963207,-0.14559882447907416,-2.0515618688972137,-1.243471120629693e-06,-1.378789233070891e-05,-3.370052234897037e-05,2.071639996311155,-1.8958402826008014,-1.9171064173862116,-0.5738823027651421,1.261130093947173,1.758858487458393,-2.054455515613432e-05,4.533458258067822e-06,7.599239075851767e-07,5.515106565840623e-05,-1.6999124834571084e-05,-0.0005498895830875535,-0.0002923583161494424,-2.4110460307979424e-05,0.0002790622692979157,0.0007492905447587193,-0.0004596452059050754,-0.007255986810007416,2.0716413835148444,-1.8958406871783897,-1.917106170644016,-0.5738860661422306,1.2611309998240137,1.7588962493827505,0.0,0.0,0.0,0.0,0.0,0.0,0.0,0.0,0.0,0.0,0.0,0.0,5.0,5.0,5.0,5.0,5.0,5.0,1.0,1.0,1.0,1.0,1.0,1.0,-0.0003142959537074663,26.500755668539362,12.613106163766945,1.274265124964793,-0.0346250497889683,-8.833524250961844e-07,0.00015784451754864977
0.06666666666666667,0.14999427058237294,-0.5535651279687672,0.20391258142315327,-2.2238776294993538e-05,-1.882174249489684e-05,2.3324786623466345e-05,-0.0003195824844287944,-0.0004006647492242154,0.0004123094456018215,0.0,0.0,0.0,0.14999473592467485,-0.5535645653171798,0.2039116743865241,-2.054270419749038e-05,-1.4141145020533467e-05,1.504996609038578e-05,-0.0002868944592591127,-0.0003236832395057121,0.0003120500938260662,0.0,0.0,0.0,1.7051157241256787,-0.14554178969270445,-2.0515424524312746,1.705155599586659,-0.14560211941252518,-2.051563714121198,-1.3351828013943228e-06,-2.4337924374034054e-05,-5.80675298449651e-05,2.0716382308074643,-1.8958403246507698,-1.917104897644838,-0.5738795206962866,1.261127163928604,1.7588308570216133,-4.215825887170425e-05,6.701533849300102e-07,3.0648135441848216e-05,7.402506566453869e-05,-6.426674632740146e-05,-0.0007359052632894282,-0.0006484111114670979,-0.00011589914619413434,0.0008966463460278911,0.0005662200001839736,-0.0014180286447849114,-0.005580470406056238,2.0716413835148444,-1.8958406871783897,-1.917106170644016,-0.5738860661422306,1.2611309998240137,1.7588962493827505,0.0,0.0,0.0,0.0,0.0,0.0,0.0,0.0,0.0,0.0,0.0,0.0,5.0,5.0,5.0,5.0,5.0,5.0,1.0,1.0,1.0,1.0,1.0,1.0,-0.0006549566946156826,26.500945014997672,12.613409692504966,1.2742864112581689,-0.03463110830765487,-6.05739373882308e-07,0.00011845082889483968
0.1,0.14999279685106462,-0.553566208767341,0.20391382805102615,-3.688766086145916e-05,-2.7889747964165515e-05,3.27075314035643e-05,-0.000439499331438934,-0.0002720153081242131,0.0002814669424362605,0.0,0.0,0.0,0.1499936162421336,-0.5535652920506415,0.20391242139660143,-3.359047623807676e-05,-2.18020038525187e-05,2.241030232010092e-05,-0.0003914331612175914,-0.00022982576495955698,0.0002208100868914542,0.0,0.0,0.0,1.7050931341766191,-0.14551799932404041,-2.0515354157258625,1.7051527682294354,-0.1456072859002122,-2.051566720809299,-1.73414482907028e-06,-3.6441935871067836e-05,-8.606000984082e-05,2.071635555183345,-1.895840230018518,-1.917103134415025,-0.5738764438822367,1.2611230845379098,1.7587992526795713,-6.756523534189718e-05,2.1160294988153876e-06,4.548064140810933e-05,8.621130288695223e-05,-0.00010301006265895122,-0.0008773885952699734,-0.0007622092941057881,4.3376283416561324e-05,0.00044497517898783336,0.00036558711667240623,-0.001162299489946493,-0.004244499959416358,2.0716413835148444,-1.8958406871783897,-1.917106170644016,-0.5738860661422306,1.2611309998240137,1.7588962493827505,0.0,0.0,0.0,0.0,0.0,0.0,0.0,0.0,0.0,0.0,0.0,0.0,5.0,5.0,5.0,5.0,5.0,5.0,1.0,1.0,1.0,1.0,1.0,1.0,-0.00087439441001258,26.50111234106755,12.613196863777018,1.2742716851035003,-0.03463116861972848,-4.355167875225163e-07,7.13068467180604e-05
0.13333333333333333,0.14999071013335885,-0.5535676554910162,0.20391547996672343,-5.403044005446183e-05,-3.82307983207903e-05,4.3940908324204313e-05,-0.0005143331589935389,-0.0003101933903917923,0.0003369739399669919,0.0,0.0,0.0,0.14999198418618762,-0.5535663175742799,0.2039134772680519,-4.8961678379170574e-05,-3.076570914970489e-05,3.167614351398858e-05,-0.0004611360642328144,-0.0002689111589155857,0.00027797523581662986,0.0,0.0,0.0,1.705067220074102,-0.14549373345047617,-2.051528880578649,1.705148740594658,-0.1456146207169973,-2.0515710722973592,-2.0383401650816425e-06,-4.986758256345909e-05,-0.00011667885947229806,2.0716318370201767,-1.8958400058090608,-1.9171007164198124,-0.5738732209991939,1.261117320103894,1.7587646484607087,-9.688500848145277e-05,5.18953230752206e-06,6.352011805424586e-05,9.319476181885732e-05,-0.00014962536786793768,-0.0009845472423420417,-0.0008795931941866676,9.220508426120018e-05,0.000541184299384096,0.0002095037679571525,-0.001398459156269594,-0.0032147594121620503,2.0716413835148444,-1.8958406871783897,-1.917106170644016,-0.5738860661422306,1.2611309998240137,1.7588962493827505,0.0,0.0,0.0,0.0,0.0,0.0,0.0,0.0,0.0,0.0,0.0,0.0,5.0,5.0,5.0,5.0,5.0,5.0,1.0,1.0,1.0,1.0,1.0,1.0,-0.0010222424832082577,26.501292893486408,12.613274896505782,1.2742765736733916,-0.03463329470910048,-2.8591955425483206e-07,4.9811477848778085e-05
0.16666666666666666,0.14998836880172484,-0.553569255097499,0.20391730139445544,-6.483704426290962e-05,-4.473538148330376e-05,5.107563669455731e-05,-0.0003242600237829546,-0.00019509070223506576,0.00021400473794290143,0.0,0.0,0.0,0.14999000540407278,-0.553567543979183,0.20391474086679465,-5.9363463444794816e-05,-3.6792147093874424e-05,3.7907962282579535e-05,-0.0003120535519687273,-0.00018079313832508603,0.0001869545630577285,0.0,0.0,0.0,1.7050393451601642,-0.14546828595218336,-2.051522205810644,1.705143907246639,-0.1456234152142511,-2.051576332645917,-2.6490833716462037e-06,-6.397188050461903e-05,-0.0001496997027933972,2.0716276813606265,-1.8958397355311094,-1.9170980426763162,-0.5738698245402231,1.261110882073348,1.7587277807834338,-0.00011540819382831973,7.13540313078973e-06,7.464824261042103e-05,9.899410002298456e-05,-0.00017863573354309135,-0.0010655359596128836,-0.0005556955604060087,5.837612469803009e-05,0.00033384373668525507,0.00017398014612381732,-0.0008703109702546106,-0.0024296615181252533,2.0716413835148444,-1.8958406871783897,-1.917106170644016,-0.5738860661422306,1.2611309998240137,1.7588962493827505,0.0,0.0,0.0,0.0,0.0,0.0,0.0,0.0,0.0,0.0,0.0,0.0,5.0,5.0,5.0,5.0,5.0,5.0,1.0,1.0,1.0,1.0,1.0,1.0,-0.000646440920169189,26.501028539560515,12.613177858502011,1.2742595318061505,-0.034629536584213416,-2.3194997011977136e-07,3.035518280320622e-05
0.19999999999999998,0.14998590226788233,-0.5535709290302507,0.20391920792125534,-7.094333040436103e-05,-4.839004552656761e-05,5.515587825107289e-05,-0.0001832586383221633,-0.00010958718042900058,0.00012236369069655923,0.0,0.0,0.0,0.1499878075344495,-0.5535688958942597,0.20391613433490743,-6.593608869832993e-05,-4.0557452304608906e-05,4.1804043383416225e-05,-0.00019717875760605352,-0.00011295915632203446,0.0001168824330251006,0.0,0.0,0.0,1.7050102156674167,-0.145441758412883,-2.0515152859521444,1.7051385689236886,-0.14563312376681745,-2.0515821660081244,-3.5418125446974117e-06,-7.850748662992684e-05,-0.00018450628945326862,2.07162330915203,-1.8958394420415101,-1.9170952533681995,-0.573866289617879,1.2611041281396351,1.7586892873509554,-0.0001259135698715906,8.248259694186113e-06,8.066890987240014e-05,0.00010369648022159,-0.00019462391877143106,-0.0011250473027717828,-0.00031516128129812607,3.338569690189148e-05,0.00018062001785937334,0.00014107140595816332,-0.00047964555685019107,-0.001785340294766979,2.0716413835148444,-1.8958406871783897,-1.917106170644016,-0.5738860661422306,1.2611309998240137,1.7588962493827505,0.0,0.0,0.0,0.0,0.0,0.0,0.0,0.0,0.0,0.0,0.0,0.0,5.0,5.0,5.0,5.0,5.0,5.0,1.0,1.0,1.0,1.0,1.0,1.0,-0.0003673514018845969,26.50083621166709,12.613114184755197,1.2742461671283623,-0.03462695951910316,-1.8400084578207299e-07,2.4003851439423232e-05
0.2333333333333333,0.1499830184866154,-0.5535726202816533,0.2039211380066259,-8.132373908686061e-05,-4.9954562679564695e-05,5.6987138812874066e-05,-0.00031148671165643715,-4.687311645475302e-05,5.4886048495287995e-05,0.0,0.0,0.0,0.14998527474055778,-0.5535703158160847,0.2039175982677918,-7.598381675184562e-05,-4.2597654751534246e-05,4.391798653053947e-05,-0.00030143184160547065,-6.120607340776019e-05,6.34182944136974e-05,0.0,0.0,0.0,1.7049802047237181,-0.14541487950766802,-2.051508869806482,1.7051328595325577,-0.14564366080497795,-2.0515887609359282,-4.668510871303309e-06,-9.343111828890015e-05,-0.0002202448779767896,2.071618323981292,-1.8958389297512999,-1.9170927244880804,-0.5738627411428986,1.2610969592319161,1.7586497860986978,-0.00014167460471428955,1.2995224100992168e-05,7.746723900510635e-05,0.00010553499301561807,-0.00020825279396710162,-0.0011650408127432265,-0.0004728310452809687,0.00014240893220418167,-9.605012601881371e-05,5.5155383820842144e-05,-0.0004088662558701169,-0.0011998052991433069,2.0716413835148444,-1.8958406871783897,-1.917106170644016,-0.5738860661422306,1.2611309998240137,1.7588962493827505,0.0,0.0,0.0,0.0,0.0,0.0,0.0,0.0,0.0,0.0,0.0,0.0,5.0,5.0,5.0,5.0,5.0,5.0,1.0,1.0,1.0,1.0,1.0,1.0,-0.0006083724195108386,26.501001947029724,12.613002616615974,1.2742377779579184,-0.03462843056460463,-9.805318024191934e-08,2.325334783452325e-05
0.26666666666666666,0.14998003509423033,-0.5535742883234903,0.203923047634264,-8.677610488682596e-05,-5.001184353190388e-05,5.71884043402072e-05,-0.00016364685262357432,-1.6507056304792246e-06,5.98181354839221e-06,0.0,0.0,0.0,0.14998254136298284,-0.5535717603664705,0.20391908784936846,-8.200132724883365e-05,-4.333651157259292e-05,4.468744730011428e-05,-0.00018052531490964085,-2.2165704631760264e-05,2.3083823087244326e-05,0.0,0.0,0.0,1.7049498441002922,-0.1453874054369751,-2.0515024126170287,1.7051269794804382,-0.14565461804241922,-2.0515957971378813,-6.01276386507501e-06,-0.00010843111718262633,-0.0002568613113117854,2.0716132021801377,-1.895838348308178,-1.9170903480157069,-0.5738591468370553,1.2610897897421758,1.7586096394449509,-0.00014966089132157492,1.596060380546418e-05,7.335186047244233e-05,0.00010706444787146769,-0.00021280739279311243,-0.0011912800125220015,-0.00023958859821856138,8.896139113416036e-05,-0.00012346135597992062,4.588364567548841e-05,-0.00013663796478032464,-0.0007871759933632518,2.0716413835148444,-1.8958406871783897,-1.917106170644016,-0.5738860661422306,1.2611309998240137,1.7588962493827505,0.0,0.0,0.0,0.0,0.0,0.0,0.0,0.0,0.0,0.0,0.0,0.0,5.0,5.0,5.0,5.0,5.0,5.0,1.0,1.0,1.0,1.0,1.0,1.0,-0.0003192653316294036,26.5008012413629,12.613004693412368,1.2742288973570752,-0.03462643961097844,-7.497430987157827e-08,1.7531739629808475e-05
0.3,0.14997704931675987,-0.5535761623120113,0.20392513115596705,-8.864131070301007e-05,-5.414983107180279e-05,6.073339733091606e-05,-5.603890379931121e-05,-0.0001240713357204888,0.0001062905475644748,0.0,0.0,0.0,0.14997970948408595,-0.5535733395191272,0.20392069420298037,-8.49563669066485e-05,-4.7374579702304705e-05,4.81906083568943e-05,-8.865118973444552e-05,-0.00012114204389135352,0.00010509483170340062,0.0,0.0,0.0,1.7049187588637833,-0.14536059307355387,-2.051496071167272,1.705120682135828,-0.14566634450223456,-2.051603175759222,-7.155920464468462e-06,-0.0001235315420899656,-0.0002937925420626768,2.0716079836621533,-1.8958379476751672,-1.9170873636518495,-0.5738555177869894,1.2610820200955615,1.7585693182690711,-0.0001542573234646156,1.3332861482585382e-05,8.413789730420079e-05,0.00010826915060757611,-0.0002263287298855622,-0.0012035168551004444,-0.00013789296429122033,-7.883226968636396e-05,0.00032358110495275366,3.6141082083252554e-05,-0.0004056401127734931,-0.0003671052773532897,2.0716413835148444,-1.8958406871783897,-1.917106170644016,-0.5738860661422306,1.2611309998240137,1.7588962493827505,0.0,0.0,0.0,0.0,0.0,0.0,0.0,0.0,0.0,0.0,0.0,0.0,5.0,5.0,5.0,5.0,5.0,5.0,1.0,1.0,1.0,1.0,1.0,1.0,-0.00011067367146333495,26.500616525681224,12.613236144286539,1.2742354485802658,-0.034627377652496794,-2.074797211815138e-08,1.8852302699854265e-05
0.3333333333333333,0.1499737437022066,-0.5535782812610633,0.20392744651283035,-9.56598725199366e-05,-6.042826626910953e-05,6.655180451227483e-05,-0.00021064881826370432,-0.0001882821787028728,0.00017448523630304524,0.0,0.0,0.0,0.1499766423820667,-0.5535751137507354,0.203922482076465,-9.201306057738575e-05,-5.3226948247164785e-05,5.363620453885017e-05,-0.0002117008101221174,-0.0001755710563458024,0.0001633678854586762,0.0,0.0,0.0,1.704886708196511,-0.14533540860005137,-2.051490595954551,1.7051136567950465,-0.14567933834401584,-2.051611215758342,-8.084801572114449e-06,-0.0001387919844410387,-0.0003305005554054502,2.071602205542282,-1.8958375567776442,-1.9170838784792021,-0.5738518899786527,1.261073151591584,1.7585291037814192,-0.00016698150525115428,1.2262237620495502e-05,9.774941871577848e-05,0.00010864588360444889,-0.00025281298951138997,-0.0012054620380694883,-0.00038172545359616044,-3.2118715862696405e-05,0.0004083456423473307,1.130198990618333e-05,-0.0007945277887748323,-5.8355489071318606e-05,2.0716413835148444,-1.8958406871783897,-1.917106170644016,-0.5738860661422306,1.2611309998240137,1.7588962493827505,0.0,0.0,0.0,0.0,0.0,0.0,0.0,0.0,0.0,0.0,0.0,0.0,5.0,5.0,5.0,5.0,5.0,5.0,1.0,1.0,1.0,1.0,1.0,1.0,-0.0004062888376528129,26.50084518678788,12.61331712318487,1.2742417790690888,-0.03463130159430117,5.34074474645152e-08,2.0172717258786696e-05
0.36666666666666664,0.14997003004690837,-0.5535811922814747,0.20393047932184521,-0.0001061604719310703,-7.836225323837285e-05,8.284045085560196e-05,-0.00031513551206415396,-0.000537951592118098,0.0004885763283132094,0.0,0.0,0.0,0.14997324397601586,-0.553577408387235,0.2039247446134388,-0.00010195218152566631,-6.883909498901867e-05,6.787610921383802e-05,-0.0002981736284484171,-0.0004683644022556166,0.0004271971402496355,0.0,0.0,0.0,1.70485230789137,-0.1453147849797348,-2.051486818766303,1.705104950808481,-0.14569527882363587,-2.051620444282116,-8.070466623202062e-06,-0.0001543713500655488,-0.00036633340130358643,2.0715954993094305,-1.8958375685462603,-1.9170782985796777,-0.5738483378020542,1.2610614674331901,1.758489602958908,-0.00018978515877992455,3.852040221487756e-06,0.00014418113006388616,0.00010725882650456994,-0.0003179541643818812,-0.0011918371295799402,-0.0006841096058631081,-0.0002523059219702324,0.0013929513404432304,-4.161171299636859e-05,-0.0019542352461147366,0.00040874725468644695,2.0716413835148444,-1.8958406871783897,-1.917106170644016,-0.5738860661422306,1.2611309998240137,1.7588962493827505,0.0,0.0,0.0,0.0,0.0,0.0,0.0,0.0,0.0,0.0,0.0,0.0,5.0,5.0,5.0,5.0,5.0,5.0,1.0,1.0,1.0,1.0,1.0,1.0,-0.0006137233612726334,26.500943139678313,12.613829694187624,1.2742719064278822,-0.03463859583557011,1.7982180333664388e-07,2.5144273004940616e-05
0.39999999999999997,0.14996585513913893,-0.5535846095504118,0.20393395556526112,-0.00011888599297499904,-9.446493957584296e-05,9.71388245557945e-05,-0.0003819021496700683,-0.0004830180918703142,0.0004288477416715078,0.0,0.0,0.0,0.1499694496964494,-0.5535801860826728,0.20392743945853622,-0.000113828386993949,-8.333086313327224e-05,8.084535292279445e-05,-0.00035628616404848046,-0.0004347530443276071,0.00038907731126869294,0.0,0.0,0.0,1.7048164278920066,-0.145297489353791,-2.0514845605012186,1.7050946330494716,-0.14571400827889722,-2.051630921576984,-7.966620590566862e-06,-0.00016989605463155213,-0.0004016769216730148,2.071587905443607,-1.8958377496713843,-1.9170715335939836,-0.5738448590544525,1.2610478350500411,1.758450727673579,-0.00021513903606954288,-2.3384890733908576e-06,0.00018336009057171127,0.00010532789420348821,-0.0003786323844392839,-0.0011747847497719753,-0.0007606163186885497,-0.0001857158788463584,0.0011753688152347534,-5.79279690324519e-05,-0.001820346601722081,0.0005115713942389463,2.0716413835148444,-1.8958406871783897,-1.917106170644016,-0.5738860661422306,1.2611309998240137,1.7588962493827505,0.0,0.0,0.0,0.0,0.0,0.0,0.0,0.0,0.0,0.0,0.0,0.0,5.0,5.0,5.0,5.0,5.0,5.0,1.0,1.0,1.0,1.0,1.0,1.0,-0.0007409820881671969,26.50105878749362,12.613766793405505,1.2742632182695641,-0.03463978657799516,1.9579322263485466e-07,2.0565130387350504e-05
0.4333333333333333,0.1499611915542431,-0.5535887061434609,0.2039380472212231,-0.00013290175407155863,-0.00011341860644252622,0.00011421339892858376,-0.000420631078577358,-0.0005685583246126955,0.0005121080590329882,0.0,0.0,0.0,0.1499652192301638,-0.5535835353067463,0.20393065231012258,-0.00012691398856857402,-0.00010047672220559652,9.638554759073455e-05,-0.0003925680472387505,-0.0005143757721697284,0.000466205840038203,0.0,0.0,0.0,1.7047786206801459,-0.14528460292440298,-2.051484141816972,1.7050824163124203,-0.14573602258065843,-2.051642828632851,-7.452687844683693e-06,-0.00018541568929980316,-0.00043621324048914815,2.0715793175863877,-1.8958381988339408,-1.917063067981506,-0.573841497431357,1.2610316441321332,1.758412778177039,-0.000243470156403297,-9.762747487257765e-06,0.00023043227974280838,0.00010234175997718443,-0.0004500291529703503,-0.0011505848473927157,-0.0008499336100126235,-0.00022272775241600725,0.001412165675132913,-8.95840267891133e-05,-0.0021419030559319927,0.0007259970713777849,2.0716413835148444,-1.8958406871783897,-1.917106170644016,-0.5738860661422306,1.2611309998240137,1.7588962493827505,0.0,0.0,0.0,0.0,0.0,0.0,0.0,0.0,0.0,0.0,0.0,0.0,5.0,5.0,5.0,5.0,5.0,5.0,1.0,1.0,1.0,1.0,1.0,1.0,-0.0008161151770654795,26.50117854439571,12.613942921695042,1.2742687886318647,-0.034642968028354315,2.415445417014439e-07,2.2790929097175467e-05
0.4666666666666666,0.1499560306638506,-0.5535935460699888,0.20394278670839788,-0.00014752026648164675,-0.00013460269977864754,0.000132861803201564,-0.00043873514305474084,-0.0006354888200697387,0.0005592913123470091,0.0,0.0,0.0,0.14996053076857366,-0.5535875285545026,0.2039344368046615,-0.00014065384770430475,-0.00011979743268604181,0.00011353483616781309,-0.00041219577407192176,-0.0005796213144133588,0.0005144786573123561,0.0,0.0,0.0,1.704738843322229,-0.14527645655989502,-2.0514856508278694,1.7050681214937538,-0.1457616509431855,-2.051656267640922,-6.590654789403216e-06,-0.00020084629521156962,-0.0004699006335458334,2.0715696841884452,-1.895838996246616,-1.917052725198785,-0.5738382550896349,1.2610127729454295,1.7583758793714748,-0.00027382467764870867,-1.9202502666566503e-05,0.0002836664143331249,9.896075443563495e-05,-0.0005274334517334449,-0.0011215043937484125,-0.0009106356373623498,-0.0002831926553792621,0.0015970240377094955,-0.0001014301662464844,-0.002322128962892838,0.0008724136093290981,2.0716413835148444,-1.8958406871783897,-1.917106170644016,-0.5738860661422306,1.2611309998240137,1.7588962493827505,0.0,0.0,0.0,0.0,0.0,0.0,0.0,0.0,0.0,0.0,0.0,0.0,5.0,5.0,5.0,5.0,5.0,5.0,1.0,1.0,1.0,1.0,1.0,1.0,-0.0008524280073133328,26.501243630417548,12.61409303460378,1.2742696044533204,-0.03464566535994268,2.7266227298206047e-07,2.4459427626642685e-05
0.49999999999999994,0.14995076304077068,-0.5535986328696003,0.20394773233771868,-0.0001545280220443415,-0.0001466012832348477,0.0001432009246501419,-0.000210418044936227,-0.0003599410529682049,0.000309992874892495,0.0,0.0,0.0,0.14995558979418847,-0.5535919230952215,0.2039385732241294,-0.00014822923155577428,-0.00013183622156838956,0.0001240925840369093,-0.00022726151554408602,-0.0003611636664704321,0.00031673243607288626,0.0,0.0,0.0,1.704698754413226,-0.14527029799557264,-2.051487860100572,1.7050525565559627,-0.14578947379887364,-2.051670591368569,-6.240075254558378e-06,-0.0002156877619742111,-0.0005034567765031581,2.071559788280314,-1.8958399507544246,-1.9170417132792168,-0.5738350872585986,1.2609930631381525,1.7583398482675938,-0.00028919305516936146,-2.5490990393450822e-05,0.0003147938628084701,9.634353887288351e-05,-0.0005700072961171883,-0.0010944568755351558,-0.0004610513256195839,-0.00018865463180652955,0.0009338234542603559,-7.851646688254327e-05,-0.0012772153315123006,0.0008114255463977024,2.0716413835148444,-1.8958406871783897,-1.917106170644016,-0.5738860661422306,1.2611309998240137,1.7588962493827505,0.0,0.0,0.0,0.0,0.0,0.0,0.0,0.0,0.0,0.0,0.0,0.0,5.0,5.0,5.0,5.0,5.0,5.0,1.0,1.0,1.0,1.0,1.0,1.0,-0.0004069130518464803,26.501104584618076,12.613845466677748,1.2742379938053152,-0.03464050513034139,1.890322771647135e-07,2.8990710528009434e-05
0.5333333333333333,0.14994553740719188,-0.5536040399854008,0.20395291120688974,-0.00015602437590652043,-0.00015700696562649387,0.00015131222346377823,-4.5080807289703675e-05,-0.0003121701975144016,0.00024314531718623724,0.0,0.0,0.0,0.1499505514832982,-0.5535966760145004,0.2039430008521991,-0.0001511493267080777,-0.00014258757836535334,0.00013282884209138144,-8.76028545691021e-05,-0.00032254070390891343,0.00026208774163416493,0.0,0.0,0.0,1.7046582620154163,-0.14526630541750737,-2.0514905586275725,1.705035930186794,-0.1458190631205456,-2.0516854433599954,-6.000918346479858e-06,-0.0002300686695999808,-0.000536601567781342,2.0715498120605633,-1.8958412622634628,-1.917029741324024,-0.5738318728497208,1.2609724332098815,1.758304762214175,-0.0002959220800708994,-3.472717756201249e-05,0.0003443703914558306,9.640269051215626e-05,-0.000602600997459534,-0.0010665400268870596,-0.00020187074704613778,-0.00027708561505685017,0.0008872958594208167,1.7745491781824966e-06,-0.0009778110402703726,0.0008375054594428855,2.0716413835148444,-1.8958406871783897,-1.917106170644016,-0.5738860661422306,1.2611309998240137,1.7588962493827505,0.0,0.0,0.0,0.0,0.0,0.0,0.0,0.0,0.0,0.0,0.0,0.0,5.0,5.0,5.0,5.0,5.0,5.0,1.0,1.0,1.0,1.0,1.0,1.0,-7.657433237728828e-05,26.500944692380802,12.613888514988554,1.2742246525181802,-0.034639456222873066,1.593814451528175e-07,2.8226734596952973e-05
0.5666666666666667,0.14994045734438197,-0.5536094693213842,0.20395808011186844,-0.00015361179125437442,-0.0001609199223405432,0.00015381673741582922,7.219065914935483e-05,-0.00011739861708382726,7.493930148193208e-05,0.0,0.0,0.0,0.1499455313622756,-0.5536016072483804,0.20394756331985558,-0.00015060363067829208,-0.0001479370164010637,0.00013687402969414877,1.6370880893568085e-05,-0.00016048314107131034,0.0001213556280830197,0.0,0.0,0.0,1.704618300743428,-0.14526300465185502,-2.0514932708270575,1.7050188207295374,-0.14584942164151385,-2.0517004188803343,-6.268037379260997e-06,-0.00024383725826860735,-0.0005694825831268772,2.0715400354583293,-1.8958427096456918,-1.9170176054504324,-0.5738286729792834,1.2609518768561756,1.7582705230021107,-0.0002941727380323149,-4.0523370432777576e-05,0.00035750760231652697,9.613163891926326e-05,-0.0006119940732719745,-0.0010402975835810985,5.24802611575359e-05,-0.0001738857861229525,0.0003941163258208898,-8.131547786790202e-06,-0.00028179227437321317,0.000787273299178831,2.0716413835148444,-1.8958406871783897,-1.917106170644016,-0.5738860661422306,1.2611309998240137,1.7588962493827505,0.0,0.0,0.0,0.0,0.0,0.0,0.0,0.0,0.0,0.0,0.0,0.0,5.0,5.0,5.0,5.0,5.0,5.0,1.0,1.0,1.0,1.0,1.0,1.0,0.00014982567827581672,26.500994649146055,12.61374196076344,1.2742021798584942,-0.03463717501027891,1.063188213024091e-07,3.103177084940907e-05
0.6,0.1499355922998321,-0.5536150534428315,0.2039633573169573,-0.00014850729085459145,-0.00016531994747338882,0.00015681762384099222,0.00015294885794757675,-0.00013202012660426223,8.983088876298436e-05,0.0,0.0,0.0,0.14994061382708523,-0.5536067238021434,0.20395226800378402,-0.00014752605571105213,-0.0001534966128912648,0.0001411405178527373,9.232724901719891e-05,-0.00016678789470603306,0.00012799464475765632,0.0,0.0,0.0,1.7045785462476044,-0.1452608759347559,-2.0514959577242764,1.7050012538375479,-0.14588042500705106,-2.0517153338764165,-6.616999645971583e-06,-0.00025715051934575693,-0.0006018389394843003,2.0715304968965813,-1.8958444381797432,-1.9170048565601205,-0.5738254660660497,1.2609310860375884,1.7582371620022248,-0.00028882881430648084,-4.807847117184372e-05,0.00037414700701197967,9.61821443143931e-05,-0.0006198143961704798,-0.0010139858589104152,0.00016031771177502164,-0.00022665302217198422,0.0004991821408635809,1.5151618538952074e-06,-0.00023460968695515893,0.0007893517401205013,2.0716413835148444,-1.8958406871783897,-1.917106170644016,-0.5738860661422306,1.2611309998240137,1.7588962493827505,0.0,0.0,0.0,0.0,0.0,0.0,0.0,0.0,0.0,0.0,0.0,0.0,5.0,5.0,5.0,5.0,5.0,5.0,1.0,1.0,1.0,1.0,1.0,1.0,0.00030153202383420563,26.50104599741718,12.61388319366002,1.2741984889078726,-0.03463831571632492,9.623494579003022e-08,3.260039128571454e-05
0.6333333333333333,0.14993098618007927,-0.5536205396094853,0.20396852378885816,-0.000141627215598733,-0.00016482763768889267,0.00015560322317929002,0.0002062228063472953,1.4745358889566591e-05,-3.662053254438171e-05,0.0,0.0,0.0,0.14993585894435302,-0.5536118852961982,0.20395699334081982,-0.00014264648196689046,-0.00015484482164378479,0.0001417601110738668,0.00014638721232484997,-4.044626257559969e-05,1.8587796633884324e-05,0.0,0.0,0.0,1.7045397564657678,-0.14525875411382244,-2.051498321457195,1.70498366355792,-0.14591134994246302,-2.051729939466557,-7.417925383245279e-06,-0.00026987831537242406,-0.0006337986833494395,2.0715213729365995,-1.8958462564914276,-1.9169922150923246,-0.5738222797442115,1.260910844052387,1.7582046162266567,-0.0002787554710700873,-5.239239074372715e-05,0.0003775450249221746,9.578715153473331e-05,-0.0006114445027482442,-0.000988910797666711,0.0003022002970918072,-0.00012941758715650294,0.00010194053730584823,-1.184978338979376e-05,0.0002510968026670666,0.0007522518373111269,2.0716413835148444,-1.8958406871783897,-1.917106170644016,-0.5738860661422306,1.2611309998240137,1.7588962493827505,0.0,0.0,0.0,0.0,0.0,0.0,0.0,0.0,0.0,0.0,0.0,0.0,5.0,5.0,5.0,5.0,5.0,5.0,1.0,1.0,1.0,1.0,1.0,1.0,0.00040541106268465743,26.501185761545656,12.61378732568982,1.2741806750260563,-0.034637612717896504,6.17971003258333e-08,3.502468925974968e-05
0.6666666666666666,0.149926606457276,-0.5536257952312145,0.2039734972496648,-0.00013480575386994888,-0.0001600527941861271,0.00015133812360823177,0.0002044731383849072,0.00014322194476057404,-0.00012813028654944558,0.0,0.0,0.0,0.14993115918807967,-0.5536168486191736,0.20396160326610896,-0.00014215494980590178,-0.00014893734593321428,0.00013918488802713665,0.00018342874608689996,5.2923312320984905e-05,-6.197434170784888e-05,0.0,0.0,0.0,1.7045019350364614,-0.14525616584483034,-2.051500157836217,1.7049658817577418,-0.1459414057155315,-2.0517438957062684,-8.655148208305293e-06,-0.00028192421936658064,-0.0006650546064303448,2.071512701328871,-1.8958480108527949,-1.916980140893485,-0.5738188501355214,1.2608913303082727,1.758172588185385,-0.00026635064492606334,-5.255135759401166e-05,0.0003673323184346271,0.00010052122431527471,-0.0005940897165347689,-0.0009701977579897168,0.0003721447843207185,-4.769005508535194e-06,-0.00030638119462642494,0.0001420221834162418,0.0005206435864042599,0.0005613911903098281,2.0716413835148444,-1.8958406871783897,-1.917106170644016,-0.5738860661422306,1.2611309998240137,1.7588962493827505,0.0,0.0,0.0,0.0,0.0,0.0,0.0,0.0,0.0,0.0,0.0,0.0,5.0,5.0,5.0,5.0,5.0,5.0,1.0,1.0,1.0,1.0,1.0,1.0,0.00041324619258109596,26.50141801472159,12.613698192550869,1.2741680060010607,-0.034638147344983106,2.3013876027100366e-08,3.67407763847753e-05
0.7,0.14992254172938718,-0.5536310815478602,0.2039784311223698,-0.00012623195626328745,-0.000159075196783303,0.00014912462787051455,0.00025704885267503806,2.930207116236095e-05,-6.6572081993054e-05,0.0,0.0,0.0,0.1499266166781778,-0.55362183073996,0.20396622404309406,-0.00013831143440441742,-0.00014740260291661004,0.00013833284669007636,0.0002546925891726559,-4.2923325757726616e-05,-1.9131361959967563e-05,0.0,0.0,0.0,1.7044649760130737,-0.14525412904266272,-2.051501783383116,1.704947875154516,-0.14597134935708497,-2.051757414201259,-1.0204046889298338e-05,-0.00029332878403400523,-0.0006954373873966457,2.0715044552300506,-1.8958500426807523,-1.9169677508586407,-0.5738155145008614,1.2608721273092973,1.7581416370033036,-0.00025370552472664366,-5.815367834357425e-05,0.0003702448030315598,0.00010021976797149847,-0.0005820898850204331,-0.0009424228942892506,0.0003793536059825905,-0.00016806962248687774,8.737453790798083e-05,-9.04369031328703e-06,0.0003599949454300762,0.0008332459110139867,2.0716413835148444,-1.8958406871783897,-1.917106170644016,-0.5738860661422306,1.2611309998240137,1.7588962493827505,0.0,0.0,0.0,0.0,0.0,0.0,0.0,0.0,0.0,0.0,0.0,0.0,5.0,5.0,5.0,5.0,5.0,5.0,1.0,1.0,1.0,1.0,1.0,1.0,0.0005083950153300654,26.501402507596886,12.613949090824832,1.2741674939543945,-0.034640592857612784,6.126939400274978e-08,3.9807691291732686e-05
0.7333333333333333,0.14991879225714025,-0.5536362002526128,0.20398317564183804,-0.00011706875828091576,-0.0001553972676600709,0.0001445996538878108,0.00027474010453268214,0.00011031189276555512,-0.0001359034847823711,0.0,0.0,0.0,0.14992223685105344,-0.5536267073697694,0.203970762014169,-0.00013351617334980944,-0.00014450429616954294,0.00013607990841457362,0.00029662462439050685,2.451266269254404e-05,-8.624746302521302e-05,0.0,0.0,0.0,1.704429364565647,-0.14525172323894256,-2.0515029823815842,1.7049298997225824,-0.14600062228153673,-2.0517703291004343,-1.2345097289475065e-05,-0.0003040019784984255,-0.000725071614355968,2.0714967270538884,-1.8958521536469972,-1.9169556257243996,-0.5738122904585773,1.2608537950318603,1.7581116078602232,-0.000239132031486695,-6.160388434561896e-05,0.00036591761916277146,9.788743500677926e-05,-0.0005606755104126095,-0.0009147238263723038,0.0004372047971984594,-0.0001035061800613415,-0.00012981551606364988,-6.996998894157631e-05,0.000642431238234706,0.0008309720375084015,2.0716413835148444,-1.8958406871783897,-1.917106170644016,-0.5738860661422306,1.2611309998240137,1.7588962493827505,0.0,0.0,0.0,0.0,0.0,0.0,0.0,0.0,0.0,0.0,0.0,0.0,5.0,5.0,5.0,5.0,5.0,5.0,1.0,1.0,1.0,1.0,1.0,1.0,0.000538562548602961,26.50158648093255,12.613934442133603,1.2741558204893204,-0.03464108426737772,4.5467970166690463e-08,4.14644224243566e-05
0.7666666666666666,0.1499153611472424,-0.5536410984176787,0.2039876868141435,-0.00010764692730012536,-0.00014976069517955035,0.00013842428876140333,0.00028250953862033856,0.00016907333946618045,-0.00018540012302212288,0.0,0.0,0.0,0.1499180432099337,-0.5536314431617237,0.20397518053813582,-0.00012797436759202978,-0.00014049205990050376,0.00013267445921056562,0.00032833976994384173,7.935228566680053e-05,-0.00014083149402033257,0.0,0.0,0.0,1.7043952765581338,-0.1452486883318793,-2.0515037111714114,1.7049121600783004,-0.14602901173627375,-2.0517826002176447,-1.5086493273663558e-05,-0.00031396680973820324,-0.0007539932524361109,2.071489542645678,-1.895854295127039,-1.9169439128246148,-0.5738092196466613,1.260836508467145,1.7580824911505568,-0.0002233988413686474,-6.336422894982885e-05,0.00035623053541773356,9.404538332257584e-05,-0.0005326231311129314,-0.0008872421354532299,0.0004719957035414285,-5.28103381262964e-05,-0.0002906125123511363,-0.00011526155052610256,0.0008415713789903434,0.0008244507275722183,2.0716413835148444,-1.8958406871783897,-1.917106170644016,-0.5738860661422306,1.2611309998240137,1.7588962493827505,0.0,0.0,0.0,0.0,0.0,0.0,0.0,0.0,0.0,0.0,0.0,0.0,5.0,5.0,5.0,5.0,5.0,5.0,1.0,1.0,1.0,1.0,1.0,1.0,0.0005504844707591161,26.501776538819893,12.613944362116564,1.2741464306043906,-0.03464195239073131,3.419629457379614e-08,4.360679111340081e-05
